{"cameraMode":{"drawMode":0,"name":"Shaded","section":"Shading Mode"},"sceneLighting":true,"audioPlay":false,"sceneViewState":{"showFog":true,"showMaterialUpdate":true,"showSkybox":true,"showFlares":true,"showImageEffects":true,"showParticleSystems":true},"in2DMode":false,"pivot":{"x":0.24433916807174684,"y":10.90924072265625,"z":26.26706886291504},"rotation":{"x":-0.009701400995254517,"y":-0.9800385236740112,"z":0.19235432147979737,"w":-0.04942969232797623},"size":-20.250652313232423,"orthographic":false}